chainage (m),width (m),thalweg
0,2094.4,105.59
10,2089.1,105.599
20,2083.7,105.608
30,2078.3,105.618
40,2072.9,105.626
50,2067.5,105.635
60,2061.7,105.645
70,2055.5,105.654
80,2049.3,105.662
90,2043.1,105.672
100,2037.1,105.681
110,2030.8,105.691
120,2024.7,105.699
130,2018.5,105.708
140,2012.4,105.718
150,2006.3,105.727
160,2000.4,105.735
170,1994.3,105.745
180,1988.1,105.754
190,1981.8,105.763
200,1975.3,105.772
210,1968.9,105.781
220,1962.7,105.79
230,1956.3,105.8
240,1949.9,105.809
250,1943.4,105.817
260,1937.1,105.827
270,1930.8,105.836
280,1924.5,105.845
290,1918.4,105.854
300,1912.1,105.863
310,1905.9,105.872
320,1899.6,105.881
330,1893.4,105.891
340,1887.2,105.9
350,1881.1,105.909
360,1875,105.917
370,1868.9,105.927
380,1862.7,105.936
390,1856.5,105.945
400,1850.5,105.954
410,1844.4,105.964
420,1838.4,105.973
430,1832.4,105.981
440,1826.4,105.99
450,1820.2,106
460,1814.3,106.009
470,1808.4,106.018
480,1802.3,106.027
490,1796.4,106.036
500,1790.2,106.046
510,1783.3,106.055
520,1776.8,106.063
530,1770.4,106.072
540,1763.8,106.081
550,1757.5,106.091
560,1751.3,106.1
570,1745.1,106.109
580,1738.8,106.118
590,1732.7,106.127
600,1726.5,106.136
610,1720.3,106.146
620,1714.4,106.155
630,1708.5,106.164
640,1702.3,106.173
650,1696.2,106.182
660,1690.1,106.191
670,1683.9,106.2
680,1678,106.209
690,1671.8,106.219
700,1666,106.228
710,1660.1,106.237
720,1654.4,106.246
730,1648.7,106.255
740,1642.8,106.264
750,1637.2,106.273
760,1631.6,106.282
770,1626,106.291
780,1620.2,106.3
790,1614.7,106.309
800,1609.1,106.318
810,1603.6,106.327
820,1598.2,106.337
830,1592.5,106.346
840,1587.1,106.355
850,1581.7,106.364
860,1576.3,106.373
870,1570.8,106.383
880,1565.3,106.392
890,1560,106.401
900,1554.6,106.41
910,1549.3,106.419
920,1544,106.428
930,1538.6,106.436
940,1533.3,106.445
950,1528.1,106.455
960,1522.9,106.464
970,1517.5,106.473
980,1512.3,106.482
990,1507.1,106.491
1000,1501.9,106.5
1010,1496.7,106.51
1020,1491.4,106.519
1030,1486.3,106.528
1040,1481.1,106.537
1050,1476,106.546
1060,1470.9,106.555
1070,1465.7,106.564
1080,1460.5,106.573
1090,1455.4,106.583
1100,1450.3,106.592
1110,1445.1,106.6
1120,1440.1,106.609
1130,1434.9,106.619
1140,1429.9,106.628
1150,1424.8,106.637
1160,1419.7,106.646
1170,1414.6,106.655
1180,1409.6,106.664
1190,1404.5,106.674
1200,1399.5,106.682
1210,1394.4,106.692
1220,1389.4,106.701
1230,1384.4,106.71
1240,1379.4,106.719
1250,1374.4,106.728
1260,1369.4,106.738
1270,1364.4,106.746
1280,1359.4,106.756
1290,1354.4,106.764
1300,1349.4,106.774
1310,1344.5,106.783
1320,1339.4,106.792
1330,1334.5,106.801
1340,1329.6,106.81
1350,1324.6,106.819
1360,1319.6,106.829
1370,1314.6,106.837
1380,1309.5,106.847
1390,1304.5,106.856
1400,1299.4,106.865
1410,1294.4,106.874
1420,1289.5,106.882
1430,1284.4,106.892
1440,1279.4,106.901
1450,1274.5,106.91
1460,1269.5,106.919
1470,1264.5,106.929
1480,1259.6,106.938
1490,1254.6,106.946
1500,1249.7,106.956
1510,1244.7,106.965
1520,1239.8,106.974
1530,1234.9,106.984
1540,1230,106.992
1550,1225.1,107.001
1560,1220.2,107.01
1570,1215.3,107.02
1580,1210.4,107.029
1590,1205.5,107.038
1600,1200.7,107.047
1610,1195.8,107.056
1620,1190.9,107.065
1630,1186.1,107.074
1640,1181.3,107.083
1650,1176.4,107.093
1660,1171.6,107.102
1670,1166.8,107.111
1680,1162,107.12
1690,1159.1,107.127
1700,1159.7,107.126
1710,1160.3,107.126
1720,1161,107.126
1730,1161.6,107.126
1740,1162.3,107.126
1750,1163,107.126
1760,1163.6,107.126
1770,1164.3,107.127
1780,1165,107.127
1790,1165.8,107.127
1800,1166.5,107.127
1810,1167.2,107.127
1820,1167.9,107.127
1830,1168.7,107.127
1840,1169.4,107.127
1850,1170.2,107.127
1860,1170.9,107.128
1870,1171.7,107.128
1880,1172.4,107.129
1890,1173.1,107.129
1900,1173.8,107.129
1910,1174.4,107.129
1920,1175.2,107.129
1930,1175.9,107.129
1940,1176.6,107.129
1950,1177.3,107.129
1960,1178,107.129
1970,1178.8,107.129
1980,1179.5,107.129
1990,1180.3,107.129
2000,1181.1,107.129
2010,1181.9,107.13
2020,1182.8,107.13
2030,1183.6,107.13
2040,1184.5,107.13
2050,1185.4,107.13
2060,1186.3,107.13
2070,1187.3,107.13
2080,1188.2,107.13
2090,1189.1,107.13
2100,1190.1,107.131
2110,1191.1,107.131
2120,1192.2,107.131
2130,1193.2,107.131
2140,1194.3,107.131
2150,1195.4,107.131
2160,1196.8,107.132
2170,1198.1,107.132
2180,1199.9,107.132
2190,1201.8,107.132
2200,1203.9,107.131
2210,1205.7,107.131
2220,1207.5,107.132
2230,1209.4,107.132
2240,1211.6,107.132
2250,1213.5,107.132
2260,1215,107.132
2270,1216.4,107.132
2280,1217.9,107.133
2290,1219.5,107.133
2300,1220.9,107.133
2310,1222.5,107.133
2320,1224.1,107.133
2330,1225.5,107.134
2340,1226.8,107.133
2350,1227.9,107.133
2360,1229.2,107.133
2370,1230.3,107.133
2380,1231.6,107.134
2390,1232.9,107.134
2400,1234.1,107.134
2410,1235.4,107.134
2420,1236.5,107.135
2430,1237.8,107.134
2440,1239,107.134
2450,1240.2,107.134
2460,1241.5,107.135
2470,1242.6,107.135
2480,1243.9,107.135
2490,1245.2,107.134
2500,1246.4,107.135
2510,1247.6,107.135
2520,1248.7,107.135
2530,1249.7,107.136
2540,1250.8,107.136
2550,1251.9,107.135
2560,1253.1,107.135
2570,1254.2,107.136
2580,1255.3,107.136
2590,1256.4,107.135
2600,1257.4,107.136
2610,1258.6,107.136
2620,1259.7,107.136
2630,1260.8,107.137
2640,1261.9,107.136
2650,1263,107.137
2660,1264.1,107.137
2670,1265.2,107.136
2680,1266.3,107.137
2690,1267.4,107.137
2700,1268.5,107.137
2710,1269.7,107.137
2720,1270.8,107.137
2730,1271.9,107.138
2740,1273,107.137
2750,1274.1,107.138
2760,1275.3,107.138
2770,1276.4,107.137
2780,1277.5,107.138
2790,1278.6,107.138
2800,1279.8,107.138
2810,1280.9,107.138
2820,1282.1,107.139
2830,1283.2,107.138
2840,1284.4,107.139
2850,1285.5,107.138
2860,1286.7,107.139
2870,1287.9,107.139
2880,1289,107.139
2890,1290.1,107.139
2900,1291.4,107.139
2910,1292.5,107.139
2920,1293.7,107.14
2930,1294.9,107.14
2940,1296.1,107.14
2950,1297.2,107.14
2960,1298.5,107.14
2970,1299.8,107.14
2980,1301,107.14
2990,1302.3,107.14
3000,1303.6,107.141
3010,1304.8,107.14
3020,1306.1,107.141
3030,1307.4,107.14
3040,1308.7,107.141
3050,1310,107.141
3060,1311.2,107.141
3070,1312.5,107.141
3080,1313.9,107.142
3090,1315.2,107.141
3100,1316.4,107.142
3110,1317.8,107.142
3120,1319,107.141
3130,1320.4,107.142
3140,1321.7,107.142
3150,1323,107.142
3160,1324.2,107.142
3170,1325.6,107.142
3180,1326.9,107.143
3190,1328.2,107.142
3200,1329.6,107.143
3210,1330.8,107.143
3220,1332.2,107.143
3230,1333.5,107.143
3240,1334.8,107.143
3250,1336.1,107.143
3260,1337.4,107.144
3270,1338.7,107.143
3280,1340.1,107.143
3290,1341.4,107.144
3300,1342.7,107.144
3310,1344,107.144
3320,1345.3,107.143
3330,1346.7,107.144
3340,1348,107.144
3350,1349.3,107.144
3360,1350.6,107.145
3370,1352,107.145
3380,1353.3,107.145
3390,1354.7,107.144
3400,1356,107.145
3410,1357.3,107.145
3420,1358.6,107.145
3430,1360,107.145
3440,1361.3,107.145
3450,1362.7,107.146
3460,1363.9,107.146
3470,1365.2,107.146
3480,1366.5,107.146
3490,1367.8,107.145
3500,1369,107.145
3510,1370.9,107.146
3520,1374.1,107.138
3530,1378.4,107.13
3540,1382.8,107.121
3550,1387.1,107.113
3560,1391.5,107.105
3570,1395.9,107.097
3580,1400.3,107.089
3590,1404.6,107.081
3600,1409,107.073
3610,1413.3,107.065
3620,1417.7,107.057
3630,1422.1,107.049
3640,1426.4,107.041
3650,1430.8,107.033
3660,1435.2,107.025
3670,1439.6,107.017
3680,1443.9,107.009
3690,1448.3,107
3700,1452.7,106.992
3710,1457.1,106.984
3720,1461.5,106.976
3730,1465.8,106.968
3740,1470.2,106.96
3750,1474.6,106.952
3760,1479,106.944
3770,1483.4,106.936
3780,1487.8,106.928
3790,1492.1,106.92
3800,1496.5,106.912
3810,1500.9,106.904
3820,1505.3,106.896
3830,1509.7,106.887
3840,1514.1,106.879
3850,1518.5,106.871
3860,1522.8,106.863
3870,1527.3,106.855
3880,1531.6,106.847
3890,1536,106.839
3900,1540.4,106.83
3910,1544.8,106.822
3920,1549.2,106.814
3930,1553.6,106.806
3940,1558,106.797
3950,1562.4,106.789
3960,1566.8,106.781
3970,1571.1,106.774
3980,1575.6,106.766
3990,1579.9,106.758
4000,1584.3,106.75
4010,1588.7,106.742
4020,1593,106.734
4030,1597.5,106.726
4040,1601.9,106.717
4050,1606.3,106.709
4060,1610.7,106.701
4070,1615,106.693
4080,1619.4,106.685
4090,1623.8,106.677
4100,1628.2,106.669
4110,1632.5,106.661
4120,1637,106.653
4130,1641.3,106.644
4140,1645.7,106.636
4150,1650,106.628
4160,1654.5,106.62
4170,1658.9,106.612
4180,1663.2,106.604
4190,1667.6,106.596
4200,1672,106.588
4210,1676.4,106.579
4220,1680.8,106.571
4230,1685.2,106.563
4240,1689.5,106.555
4250,1694,106.547
4260,1698.3,106.539
4270,1702.7,106.531
4280,1707.1,106.523
4290,1711.4,106.514
4300,1715.9,106.506
4310,1720.3,106.498
4320,1724.6,106.49
4330,1729,106.482
4340,1733.4,106.474
4350,1737.8,106.466
4360,1742.3,106.458
4370,1746.5,106.45
4380,1750.9,106.442
4390,1755.4,106.434
4400,1759.7,106.426
4410,1764.2,106.418
4420,1768.5,106.41
4430,1772.9,106.401
4440,1777.2,106.393
4450,1781.5,106.385
4460,1785.9,106.377
4470,1790.2,106.369
4480,1794.5,106.361
4490,1798.8,106.352
4500,1803.2,106.344
4510,1807.4,106.336
4520,1811.8,106.328
4530,1816.1,106.321
4540,1820.4,106.313
4550,1824.8,106.304
4560,1829.1,106.296
4570,1833.4,106.288
4580,1837.7,106.28
4590,1842,106.272
4600,1846.3,106.264
4610,1850.6,106.255
4620,1854.9,106.247
4630,1859.3,106.239
4640,1863.5,106.231
4650,1867.9,106.223
4660,1872.2,106.216
4670,1876.4,106.207
4680,1880.7,106.199
4690,1885.1,106.191
4700,1889.3,106.183
4710,1893.6,106.175
4720,1897.9,106.166
4730,1902.2,106.158
4740,1906.5,106.15
4750,1910.7,106.142
4760,1915,106.134
4770,1919.3,106.127
4780,1923.5,106.118
4790,1927.9,106.11
4800,1932,106.102
4810,1936.4,106.094
4820,1940.7,106.086
4830,1944.9,106.077
4840,1949.1,106.069
4850,1953.5,106.061
4860,1957.7,106.053
4870,1961.9,106.046
4880,1966.1,106.037
4890,1970.4,106.029
4900,1974.6,106.021
4910,1978.8,106.013
4920,1983.2,106.004
4930,1987.3,105.996
4940,1991.6,105.988
4950,1995.8,105.981
4960,2000.1,105.973
4970,2004.2,105.964
4980,2008.5,105.956
4990,2012.7,105.948
5000,2016.8,105.94
5010,2021.1,105.931
5020,2025.3,105.923
5030,2029.5,105.916
5040,2033.7,105.908
5050,2037.9,105.9
5060,2042.2,105.891
5070,2046.2,105.883
5080,2050.5,105.875
5090,2054.7,105.867
5100,2058.7,105.858
5110,2062.9,105.851
5120,2067.2,105.843
5130,2071.2,105.835
5140,2075.4,105.826
5150,2079.6,105.818
5160,2078.7,105.812
5170,2075.8,105.808
5180,2072.8,105.803
5190,2069.9,105.798
5200,2066.8,105.794
5210,2063.9,105.789
5220,2061,105.784
5230,2058.1,105.78
5240,2055.1,105.775
5250,2052.2,105.77
5260,2049.1,105.765
5270,2046.3,105.76
5280,2043.3,105.755
5290,2040.4,105.752
5300,2037.4,105.747
5310,2034.6,105.742
5320,2031.6,105.737
5330,2028.6,105.732
5340,2025.7,105.727
5350,2022.8,105.722
5360,2019.8,105.718
5370,2017,105.714
5380,2014,105.709
5390,2011,105.704
5400,2008.1,105.699
5410,2005.2,105.694
5420,2002.2,105.69
5430,1999.4,105.685
5440,1996.4,105.68
5450,1993.4,105.675
5460,1990.5,105.671
5470,1987.6,105.666
5480,1984.6,105.661
5490,1981.7,105.656
5500,1978.8,105.651
5510,1975.8,105.647
5520,1972.9,105.642
5530,1970,105.637
5540,1967.1,105.632
5550,1964.2,105.628
5560,1961.3,105.623
5570,1958.3,105.618
5580,1955.3,105.614
5590,1952.4,105.609
5600,1949.5,105.604
5610,1946.6,105.6
5620,1943.7,105.595
5630,1940.8,105.59
5640,1937.8,105.586
5650,1934.9,105.581
5660,1932,105.576
5670,1929,105.572
5680,1926.1,105.567
5690,1923.2,105.561
5700,1920.2,105.557
5710,1912.8,105.552
5720,1906.6,105.548
5730,1899,105.543
5740,1892.7,105.538
5750,1885.2,105.534
5760,1878.8,105.528
5770,1871.1,105.524
5780,1864.7,105.519
5790,1857,105.515
5800,1850.6,105.51
5810,1842.9,105.505
5820,1835.2,105.5
5830,1828.7,105.495
5840,1820.9,105.491
5850,1814.6,105.486
5860,1806.8,105.482
5870,1800.4,105.476
5880,1792.6,105.472
5890,1786,105.467
5900,1776.8,105.463
5910,1769.4,105.458
5920,1760.1,105.453
5930,1751.4,105.448
5940,1743.5,105.444
5950,1734.7,105.439
5960,1726.7,105.434
5970,1718,105.429
5980,1710,105.425
5990,1701.3,105.42
6000,1693.2,105.416
6010,1684.5,105.41
6020,1676.3,105.406
6030,1667.7,105.401
6040,1658.4,105.397
6050,1650.9,105.391
6060,1641.6,105.387
6070,1634.1,105.382
6080,1624.5,105.378
6090,1617,105.372
6100,1607.6,105.368
6110,1600,105.363
6120,1590.6,105.358
6130,1582.3,105.353
6140,1573.4,105.349
6150,1565.2,105.344
6160,1556.3,105.339
6170,1548.1,105.335
6180,1539.2,105.33
6190,1531,105.326
6200,1521.9,105.32
6210,1513.8,105.316
6220,1504.7,105.311
6230,1496.6,105.307
6240,1487,105.301
6250,1479.4,105.297
6260,1469.8,105.292
6270,1462,105.288
6280,1452.4,105.282
6290,1444.7,105.278
6300,1435.1,105.273
6310,1427.4,105.269
6320,1421.5,105.263
6330,1416.9,105.259
6340,1412,105.254
6350,1407.3,105.25
6360,1402.6,105.245
6370,1398,105.24
6380,1393.2,105.236
6390,1388.5,105.23
6400,1383.7,105.226
6410,1379.2,105.221
6420,1374.4,105.217
6430,1369.9,105.211
6440,1365.1,105.207
6450,1360.6,105.203
6460,1355.7,105.197
6470,1351.3,105.193
6480,1346.5,105.188
6490,1342.1,105.183
6500,1337.4,105.179
6510,1333.6,105.174
6520,1330,105.169
6530,1326.4,105.164
6540,1322.8,105.16
6550,1319.3,105.155
6560,1315.7,105.15
6570,1312.1,105.146
6580,1308.5,105.14
6590,1304.9,105.136
6600,1301.4,105.132
6610,1297.8,105.126
6620,1294.3,105.122
6630,1290.7,105.117
6640,1287.1,105.112
6650,1283.6,105.108
6660,1280,105.103
6670,1276.5,105.098
6680,1273,105.093
6690,1269.5,105.089
6700,1265.9,105.083
6710,1262.4,105.079
6720,1258.9,105.075
6730,1255.4,105.07
6740,1251.9,105.065
6750,1248.4,105.06
6760,1230.1,105.053
6770,1225,105.024
6780,1220.3,104.995
6790,1215.4,104.965
6800,1210.9,104.937
6810,1206.2,104.907
6820,1201.5,104.878
6830,1197.1,104.848
6840,1192.5,104.82
6850,1188.3,104.791
6860,1183.9,104.761
6870,1179.5,104.732
6880,1175.5,104.703
6890,1171.1,104.674
6900,1167,104.644
6910,1162.9,104.615
6920,1159.2,104.587
6930,1155.3,104.557
6940,1151.4,104.528
6950,1147.5,104.498
6960,1146.2,104.469
6970,1143,104.441
6980,1139.8,104.411
6990,1136.7,104.382
7000,1135.1,104.352
7010,1132.4,104.323
7020,1129.6,104.294
7030,1127.2,104.265
7040,1124.5,104.236
7050,1121.6,104.207
7060,1119.5,104.177
7070,1118.6,104.148
7080,1116.7,104.119
7090,1131.2,104.09
7100,1135.1,104.061
7110,1137.3,104.032
7120,1140.1,104.002
7130,1152.6,103.973
7140,1156.8,103.944
7150,1163.4,103.915
7160,1178.2,103.886
7170,1201.5,103.856
7180,1221.3,103.827
7190,1238.3,103.798
7200,1247.9,103.769
7210,1256.4,103.739
7220,1265,103.711
7230,1277.9,103.681
7240,1296.7,103.653
7250,1305.6,103.623
7260,1306.8,103.593
7270,1308.2,103.565
7280,1308.9,103.535
7290,1309.9,103.506
7300,1311.8,103.477
7310,1313.8,103.448
7320,1312.2,103.419
7330,1307.5,103.39
7340,1302.9,103.36
7350,1298.2,103.331
7360,1293.6,103.302
7370,1288.9,103.273
7380,1284.3,103.243
7390,1279.8,103.214
7400,1275.1,103.186
7410,1270.5,103.156
7420,1265.8,103.127
7430,1261.2,103.098
7440,1256.5,103.068
7450,1252,103.039
7460,1247.2,103.01
7470,1242.6,102.981
7480,1237.9,102.951
7490,1233.1,102.922
7500,1228.2,102.893
7510,1223.3,102.864
7520,1218.6,102.835
7530,1213.7,102.806
7540,1208.9,102.776
7550,1204.1,102.747
7560,1199.2,102.718
7570,1194.4,102.689
7580,1189.6,102.66
7590,1184.8,102.631
7600,1180,102.602
7610,1175.3,102.572
7620,1170.5,102.543
7630,1165.7,102.514
7640,1160.9,102.485
7650,1156.1,102.456
7660,1151.3,102.426
7670,1146.4,102.397
7680,1141.5,102.368
7690,1136.6,102.339
7700,1131.8,102.309
7710,1127.2,102.28
7720,1121.2,102.251
7730,1115.2,102.222
7740,1109.3,102.193
7750,1103.3,102.164
7760,1097.5,102.135
7770,1091.5,102.105
7780,1085.9,102.076
7790,1080,102.047
7800,1074,102.018
7810,1068,101.989
7820,1062.3,101.959
7830,1056.3,101.93
7840,1050.4,101.901
7850,1044.6,101.872
7860,1038.5,101.842
7870,1032.5,101.814
7880,1026.6,101.784
7890,1020.4,101.755
7900,1014.1,101.725
7910,1008,101.697
7920,1001.6,101.667
7930,995.3,101.638
7940,989.3,101.609
7950,982.8,101.58
7960,976.3,101.551
7970,969.8,101.522
7980,963.3,101.492
7990,957.3,101.463
8000,952.8,101.434
8010,948.1,101.405
8020,943.4,101.376
8030,938.7,101.346
8040,937.4,101.334
8050,944.3,101.359
8060,950.9,101.386
8070,957.6,101.412
8080,964.3,101.438
8090,970.9,101.464
8100,977.5,101.49
8110,984.2,101.516
8120,990.9,101.542
8130,997.2,101.568
8140,1003.7,101.594
8150,1009.9,101.62
8160,1014.9,101.646
8170,1019.1,101.672
8180,1022.9,101.698
8190,1028.3,101.724
8200,1033.8,101.75
8210,1039.1,101.776
8220,1044.6,101.802
8230,1049.9,101.829
8240,1055.2,101.854
8250,1060.5,101.88
8260,1065.8,101.906
8270,1070.6,101.932
8280,1075.9,101.958
8290,1081.1,101.984
8300,1086.1,102.01
8310,1090.3,102.036
8320,1093.9,102.063
8330,1098.2,102.088
8340,1103,102.115
8350,1107.6,102.14
8360,1112.3,102.166
8370,1116.9,102.192
8380,1121.4,102.218
8390,1125.3,102.245
8400,1127.7,102.27
8410,1130.4,102.296
8420,1133.5,102.322
8430,1135.8,102.348
8440,1138.2,102.375
8450,1135.7,102.4
8460,1132,102.427
8470,1134.6,102.452
8480,1137.6,102.478
8490,1140,102.505
8500,1142.7,102.53
8510,1144.5,102.557
8520,1146.6,102.583
8530,1149.8,102.608
8540,1152.5,102.635
8550,1155.1,102.66
8560,1157.1,102.686
8570,1155.2,102.713
8580,1156.5,102.738
8590,1159.4,102.765
8600,1162.2,102.791
8610,1166,102.816
8620,1169.7,102.843
8630,1173.6,102.869
8640,1177.3,102.894
8650,1181,102.921
8660,1184.7,102.946
8670,1188.5,102.973
8680,1192.3,102.999
8690,1196.1,103.024
8700,1199.9,103.051
8710,1203.1,103.077
8720,1206.8,103.102
8730,1210.8,103.129
8740,1214.7,103.155
8750,1218.6,103.18
8760,1222.6,103.207
8770,1226.6,103.233
8780,1230.5,103.259
8790,1234.4,103.285
8800,1238.5,103.311
8810,1242.5,103.337
8820,1246.6,103.363
8830,1250.7,103.389
8840,1254.7,103.415
8850,1258.6,103.441
8860,1262.8,103.467
8870,1266.7,103.493
8880,1270.6,103.519
8890,1274.6,103.545
8900,1278.6,103.571
8910,1283,103.597
8920,1287.3,103.623
8930,1291.8,103.649
8940,1296.5,103.676
8950,1301.4,103.701
8960,1306.1,103.727
8970,1310.6,103.753
8980,1315,103.779
8990,1319.5,103.805
9000,1323.6,103.831
9010,1327.8,103.857
9020,1332.1,103.884
9030,1336.2,103.909
9040,1340.3,103.935
9050,1344.7,103.961
9060,1348.8,103.987
9070,1353.1,104.014
9080,1357.3,104.039
9090,1361.5,104.065
9100,1365.8,104.091
9110,1370.1,104.117
9120,1374.4,104.144
9130,1378.6,104.169
9140,1382.9,104.195
9150,1387.3,104.222
9160,1391.7,104.247
9170,1395.9,104.274
9180,1400.1,104.299
9190,1404.3,104.326
9200,1408.5,104.351
9210,1414.1,104.377
9220,1419.7,104.404
9230,1426.7,104.429
9240,1432.4,104.456
9250,1439.5,104.481
9260,1446.5,104.508
9270,1452.4,104.533
9280,1459.5,104.56
9290,1466.4,104.586
9300,1472.7,104.612
9310,1479.8,104.638
9320,1485.6,104.663
9330,1493.4,104.69
9340,1502,104.715
9350,1507.6,104.742
9360,1514.7,104.767
9370,1520.6,104.794
9380,1534.8,104.819
9390,1555.7,104.846
9400,1573.3,104.872
9410,1589.6,104.898
9420,1597.7,104.924
9430,1605.7,104.95
9440,1613.3,104.976
9450,1622.4,105.002
9460,1630.8,105.028
9470,1638.9,105.054
9480,1648.1,105.08
9490,1658.1,105.106
9500,1674.4,105.132
9510,1693.6,105.158
9520,1712.5,105.184
9530,1728.7,105.21
9540,1738.2,105.236
9550,1743.9,105.262
9560,1750.5,105.288
9570,1757,105.314
9580,1763.6,105.34
9590,1770.3,105.367
9600,1776.9,105.392
9610,1783.5,105.418
9620,1790.3,105.444
9630,1796.7,105.47
9640,1803.2,105.496
9650,1810,105.522
9660,1815.7,105.548
9670,1822.5,105.575
9680,1829,105.6
9690,1835.4,105.626
9700,1842.2,105.652
9710,1848.8,105.678
9720,1855.9,105.704
9730,1862.8,105.731
9740,1870,105.757
9750,1877,105.782
9760,1883.7,105.808
9770,1890.5,105.834
9780,1897.1,105.86
9790,1904.1,105.886
9800,1910.7,105.912
9810,1917.8,105.938
9820,1925,105.964
9830,1931.6,105.99
9840,1938.8,106.016
9850,1926,106.034
9860,1918,106.05
9870,1909.3,106.067
9880,1901.2,106.084
9890,1892.7,106.101
9900,1884.3,106.117
9910,1876,106.134
9920,1867.2,106.151
9930,1858.6,106.168
9940,1850.9,106.184
9950,1842.5,106.2
9960,1834.4,106.217
9970,1814.3,106.234
9980,1796.1,106.251
9990,1756.6,106.267
10000,1720.6,106.284
10010,1705.9,106.301
10020,1689.6,106.318
10030,1654.6,106.334
10040,1645.1,106.351
10050,1635.5,106.368
10060,1626.2,106.384
10070,1616.6,106.4
10080,1606.9,106.417
10090,1602.4,106.434
10100,1600.5,106.45
10110,1598.8,106.467
10120,1597.3,106.484
10130,1595.6,106.501
10140,1594.2,106.517
10150,1592.9,106.534
10160,1591.7,106.551
10170,1590.7,106.568
10180,1590.2,106.584
10190,1590.7,106.601
10200,1591.4,106.618
10210,1592.5,106.634
10220,1593.6,106.651
10230,1595.3,106.667
10240,1632.5,106.684
10250,1649,106.701
10260,1651.4,106.718
10270,1653.6,106.735
10280,1655.4,106.75
10290,1657.3,106.767
10300,1659,106.784
10310,1659.7,106.801
10320,1660.2,106.818
10330,1660.3,106.835
10340,1660.5,106.851
10350,1661.1,106.867
10360,1692.2,106.884
10370,1712.8,106.901
10380,1723.6,106.918
10390,1726.3,106.934
10400,1728.6,106.951
10410,1750.5,106.967
10420,1754.8,106.984
10430,1757.1,107.001
10440,1759.3,107.018
10450,1761.6,107.034
10460,1762.9,107.051
10470,1762.8,107.067
10480,1762.5,107.084
10490,1762.1,107.101
10500,1761.5,107.118
10510,1761.2,107.135
10520,1760.5,107.151
10530,1759.3,107.168
10540,1756.7,107.184
10550,1754.1,107.201
10560,1751.4,107.217
10570,1748.7,107.234
10580,1746,107.251
10590,1743.3,107.267
10600,1740.5,107.284
10610,1737.7,107.3
10620,1734.9,107.318
10630,1732,107.335
10640,1729.2,107.351
10650,1726.3,107.368
10660,1723.4,107.384
10670,1720.5,107.401
10680,1717.5,107.418
10690,1714.6,107.434
10700,1711.6,107.451
10710,1705.7,107.464
10720,1700.5,107.449
10730,1695.2,107.433
10740,1690,107.417
10750,1686.5,107.402
10760,1683.1,107.386
10770,1679.6,107.37
10780,1676.5,107.354
10790,1673.3,107.338
10800,1670.1,107.322
10810,1667.1,107.307
10820,1664.2,107.292
10830,1661.3,107.276
10840,1663,107.26
10850,1665.5,107.245
10860,1667.9,107.229
10870,1670.1,107.213
10880,1672.1,107.197
10890,1674,107.181
10900,1675.9,107.165
10910,1678.2,107.149
10920,1679.7,107.134
10930,1681.1,107.118
10940,1682.3,107.103
10950,1683.3,107.087
10960,1684.2,107.071
10970,1685,107.056
10980,1685.7,107.04
10990,1686.6,107.024
11000,1687,107.008
11010,1687.2,106.992
11020,1687.4,106.977
11030,1687.3,106.961
11040,1687.2,106.946
11050,1686.9,106.929
11060,1686.8,106.914
11070,1686.3,106.898
11080,1685.7,106.883
11090,1684.9,106.867
11100,1684.1,106.851
11110,1683,106.835
11120,1681.9,106.82
11130,1680.6,106.804
11140,1679.3,106.788
11150,1677.7,106.772
11160,1676.1,106.756
11170,1673.8,106.741
11180,1669.7,106.725
11190,1665.3,106.709
11200,1660.7,106.693
11210,1655.9,106.678
11220,1650.9,106.662
11230,1645.7,106.646
11240,1640.3,106.63
11250,1634.6,106.615
11260,1629,106.599
11270,1623,106.584
11280,1617.2,106.567
11290,1611.1,106.552
11300,1604.8,106.536
11310,1598.7,106.521
11320,1592.4,106.505
11330,1586.1,106.489
11340,1579.6,106.473
11350,1572.9,106.457
11360,1566,106.442
11370,1558.9,106.426
11380,1552,106.411
11390,1544.9,106.394
11400,1537.9,106.379
11410,1530.7,106.363
11420,1523.4,106.347
11430,1516.2,106.332
11440,1507.1,106.316
11450,1504.2,106.334
11460,1501.3,106.351
11470,1498.4,106.368
11480,1495.6,106.386
11490,1492.7,106.404
11500,1489.9,106.421
11510,1487,106.439
11520,1484.2,106.457
11530,1481.4,106.474
11540,1479.1,106.492
11550,1477,106.509
11560,1474.6,106.527
11570,1472.3,106.545
11580,1469.8,106.562
11590,1467.5,106.58
11600,1465.1,106.597
11610,1462.5,106.615
11620,1460.1,106.632
11630,1457.4,106.65
11640,1454.9,106.667
11650,1452.5,106.685
11660,1449.8,106.702
11670,1447.2,106.72
11680,1444.4,106.737
11690,1441.8,106.755
11700,1439,106.772
11710,1436.4,106.79
11720,1433.7,106.808
11730,1430.8,106.825
11740,1428,106.843
11750,1425.2,106.86
11760,1422.4,106.878
11770,1419.5,106.895
11780,1416.6,106.912
11790,1413.8,106.931
11800,1410.8,106.948
11810,1408,106.966
11820,1405,106.983
11830,1402.1,107
11840,1399.1,107.019
11850,1396.1,107.036
11860,1393.2,107.053
11870,1390.1,107.071
11880,1387.2,107.088
11890,1384.1,107.106
11900,1381.1,107.124
11910,1378.1,107.141
11920,1375,107.158
11930,1371.9,107.176
11940,1368.9,107.194
11950,1365.8,107.211
11960,1362.7,107.229
11970,1359.6,107.246
11980,1356.6,107.264
11990,1353.5,107.282
12000,1350.4,107.299
12010,1347.3,107.316
12020,1344.1,107.335
12030,1341,107.352
12040,1337.9,107.369
12050,1334.8,107.386
12060,1331.7,107.405
12070,1328.5,107.422
12080,1325.3,107.439
12090,1322.2,107.458
12100,1319.1,107.475
12110,1315.7,107.492
12120,1312.4,107.509
12130,1309.1,107.528
12140,1305.8,107.545
12150,1302.4,107.562
12160,1300.8,107.564
12170,1298.3,107.561
12180,1295.7,107.559
12190,1293.1,107.556
12200,1290.5,107.554
12210,1287.7,107.551
12220,1285,107.548
12230,1282.2,107.546
12240,1279.4,107.543
12250,1276.7,107.54
12260,1274,107.537
12270,1271.3,107.535
12280,1268.5,107.532
12290,1265.7,107.529
12300,1263.1,107.527
12310,1260.3,107.524
12320,1257.6,107.521
12330,1254.9,107.519
12340,1252.2,107.516
12350,1249.5,107.513
12360,1246.8,107.511
12370,1244.1,107.508
12380,1241.5,107.505
12390,1238.8,107.503
12400,1236.1,107.5
12410,1233.4,107.497
12420,1230.8,107.495
12430,1228.1,107.492
12440,1225.5,107.489
12450,1222.8,107.487
12460,1220.2,107.484
12470,1217.6,107.482
12480,1214.9,107.479
12490,1212.3,107.476
12500,1209.7,107.474
12510,1207.1,107.471
12520,1204.5,107.469
12530,1201.9,107.466
12540,1199.2,107.463
12550,1196.6,107.461
12560,1194.1,107.458
12570,1191.5,107.456
12580,1188.8,107.453
12590,1186.3,107.45
12600,1183.7,107.448
12610,1181.1,107.445
12620,1178.5,107.443
12630,1175.9,107.44
12640,1173.4,107.437
12650,1170.8,107.434
12660,1168.3,107.432
12670,1165.7,107.429
12680,1163.1,107.426
12690,1160.6,107.424
12700,1158.1,107.421
12710,1155.6,107.419
12720,1153.1,107.416
12730,1150.5,107.413
12740,1148,107.41
12750,1145.5,107.408
12760,1143,107.405
12770,1140.5,107.403
12780,1138,107.4
12790,1135.5,107.398
12800,1133,107.394
12810,1131.7,107.389
12820,1132.3,107.374
12830,1132.9,107.359
12840,1133.5,107.345
12850,1134.1,107.329
12860,1134.7,107.315
12870,1135.3,107.3
12880,1136,107.285
12890,1136.7,107.27
12900,1137.3,107.255
12910,1137.9,107.24
12920,1138.6,107.226
12930,1139.3,107.21
12940,1140,107.196
12950,1140.6,107.181
12960,1141.3,107.166
12970,1142,107.151
12980,1142.6,107.137
12990,1143.3,107.121
13000,1144,107.107
13010,1144.8,107.092
13020,1145.6,107.077
13030,1146.3,107.063
13040,1147.1,107.048
13050,1147.9,107.033
13060,1148.7,107.018
13070,1149.6,107.004
13080,1150.5,106.988
13090,1151.4,106.974
13100,1152.2,106.958
13110,1153.2,106.944
13120,1154.2,106.929
13130,1155.3,106.914
13140,1156.3,106.899
13150,1157.4,106.885
13160,1158.6,106.869
13170,1159.7,106.855
13180,1161,106.84
13190,1162.3,106.825
13200,1163.4,106.811
13210,1164.4,106.796
13220,1165.5,106.781
13230,1166.5,106.766
13240,1167.6,106.752
13250,1168.7,106.736
13260,1169.8,106.722
13270,1171,106.707
13280,1172,106.692
13290,1173.1,106.677
13300,1174.2,106.663
13310,1175.3,106.647
13320,1176.5,106.633
13330,1177.6,106.618
13340,1178.8,106.603
13350,1179.9,106.588
13360,1181.2,106.573
13370,1182.4,106.558
13380,1183.6,106.544
13390,1184.9,106.529
13400,1186.2,106.514
13410,1187.4,106.5
13420,1188.5,106.484
13430,1189.5,106.47
13440,1190.6,106.455
13450,1191.6,106.44
13460,1192.6,106.425
13470,1193.6,106.411
13480,1197.4,106.398
13490,1199.9,106.388
13500,1202.5,106.377
13510,1205,106.367
13520,1207.6,106.357
13530,1210.1,106.347
13540,1212.7,106.336
13550,1215.2,106.326
13560,1217.8,106.315
13570,1220.3,106.306
13580,1222.8,106.295
13590,1225.4,106.285
13600,1227.8,106.274
13610,1230.4,106.265
13620,1232.9,106.254
13630,1235.4,106.244
13640,1238,106.233
13650,1240.5,106.224
13660,1243.1,106.213
13670,1245.6,106.203
13680,1248.1,106.192
13690,1250.6,106.183
13700,1253.2,106.172
13710,1255.7,106.162
13720,1258.1,106.151
13730,1260.7,106.142
13740,1263.2,106.131
13750,1265.7,106.121
13760,1268.2,106.111
13770,1270.7,106.101
13780,1273.3,106.09
13790,1275.7,106.08
13800,1278.3,106.07
13810,1280.8,106.059
13820,1283.2,106.049
13830,1285.7,106.039
13840,1288,106.029
13850,1290.5,106.018
13860,1292.9,106.008
13870,1295.4,105.998
13880,1297.9,105.988
13890,1300.3,105.977
13900,1302.8,105.968
13910,1305.2,105.957
13920,1307.7,105.947
13930,1310.2,105.937
13940,1312.6,105.926
13950,1315.1,105.916
13960,1317.5,105.905
13970,1320,105.896
13980,1322.4,105.885
13990,1324.9,105.874
14000,1327.4,105.865
14010,1329.8,105.854
14020,1332.3,105.844
14030,1334.8,105.834
14040,1337.2,105.824
14050,1339.7,105.813
14060,1342.1,105.804
14070,1344.6,105.793
14080,1347,105.782
14090,1349.5,105.773
14100,1352,105.762
14110,1354.4,105.752
14120,1356.9,105.742
14130,1359.3,105.731
14140,1361.8,105.721
14150,1293.8,105.711
14160,1297.6,105.704
14170,1301.4,105.696
14180,1305,105.688
14190,1308.8,105.681
14200,1312.4,105.673
14210,1315.9,105.665
14220,1319.5,105.658
14230,1323.1,105.65
14240,1326.5,105.643
14250,1329.8,105.634
14260,1333.2,105.626
14270,1336.7,105.619
14280,1339.9,105.611
14290,1343.1,105.603
14300,1346.2,105.596
14310,1349.6,105.588
14320,1352.7,105.58
14330,1355.7,105.573
14340,1358.6,105.565
14350,1361.8,105.557
14360,1364.8,105.55
14370,1367.7,105.542
14380,1370.7,105.535
14390,1373.5,105.527
14400,1376.3,105.519
14410,1378.9,105.511
14420,1381.7,105.504
14430,1384.1,105.496
14440,1386.6,105.488
14450,1389,105.481
14460,1391.7,105.473
14470,1394,105.465
14480,1396.3,105.458
14490,1398.5,105.45
14500,1401.3,105.442
14510,1403.7,105.434
14520,1406.1,105.427
14530,1408.4,105.419
14540,1411,105.411
14550,1413.3,105.404
14560,1415.6,105.396
14570,1418,105.388
14580,1420.5,105.38
14590,1423.8,105.373
14600,1427.1,105.365
14610,1430.4,105.357
14620,1433.7,105.349
14630,1436.9,105.342
14640,1440.3,105.334
14650,1443.7,105.326
14660,1447,105.318
14670,1450,105.31
14680,1453.2,105.304
14690,1456.5,105.296
14700,1459.7,105.288
14710,1462.9,105.28
14720,1466.2,105.272
14730,1469.6,105.264
14740,1473.1,105.257
14750,1476.3,105.249
14760,1479.8,105.242
14770,1483.3,105.234
14780,1486.7,105.226
14790,1490.3,105.218
14800,1493.1,105.203
14810,1494.5,105.172
14820,1495.9,105.142
14830,1497.3,105.111
14840,1498.6,105.079
14850,1500.1,105.048
14860,1501.6,105.017
14870,1502.9,104.986
14880,1504.3,104.954
14890,1505.6,104.923
14900,1507,104.892
14910,1508.3,104.861
14920,1509.8,104.829
14930,1511.1,104.798
14940,1512.4,104.768
14950,1500.2,104.737
14960,1497.1,104.705
14970,1493.8,104.674
14980,1493.8,104.643
14990,1493.9,104.612
15000,1494,104.581
15010,1492.5,104.549
15020,1489.6,104.518
15030,1489.5,104.487
15040,1489.6,104.456
15050,1489.8,104.425
15060,1489.7,104.393
15070,1489.7,104.362
15080,1489.6,104.331
15090,1489.4,104.3
15100,1486.9,104.268
15110,1438.9,104.237
15120,1419.2,104.206
15130,1410.3,104.175
15140,1406,104.144
15150,1396.1,104.113
15160,1378.2,104.082
15170,1372.9,104.051
15180,1367.5,104.019
15190,1362,103.988
15200,1356.6,103.958
15210,1351.5,103.926
15220,1346.8,103.895
15230,1342.3,103.864
15240,1337,103.832
15250,1331.3,103.801
15260,1325,103.77
15270,1306.8,103.739
15280,1300,103.708
15290,1292.2,103.676
15300,1284.5,103.646
15310,1276.8,103.614
15320,1271.3,103.583
15330,1271.5,103.552
15340,1271.3,103.521
15350,1271.6,103.49
15360,1271.7,103.458
15370,1271.9,103.428
15380,1271.9,103.396
15390,1272.3,103.365
15400,1272.4,103.334
15410,1272.7,103.303
15420,1273,103.271
15430,1273.3,103.241
15440,1273.6,103.209
15450,1273.8,103.178
15460,1274.1,103.147
15470,1274.6,103.116
15480,1274.9,103.084
15490,1275.4,103.054
15500,1275.9,103.022
15510,1276.3,102.991
15520,1276.8,102.96
15530,1277.3,102.928
15540,1277.8,102.898
15550,1278.2,102.866
15560,1278.8,102.835
15570,1279.3,102.804
15580,1279.7,102.773
15590,1280.4,102.742
15600,1281,102.711
15610,1281.5,102.679
15620,1282.2,102.648
15630,1282.7,102.617
15640,1283.3,102.586
15650,1284,102.555
15660,1284.6,102.524
15670,1285.1,102.493
15680,1286,102.461
15690,1286.4,102.43
15700,1287.3,102.399
15710,1287.9,102.368
15720,1288.4,102.336
15730,1289.2,102.306
15740,1290.9,102.312
15750,1292.6,102.344
15760,1294.7,102.377
15770,1296.6,102.409
15780,1298.2,102.441
15790,1299.9,102.473
15800,1301.5,102.506
15810,1302.5,102.538
15820,1304,102.57
15830,1305.3,102.602
15840,1306.1,102.634
15850,1307.4,102.667
15860,1308.8,102.699
15870,1309.9,102.731
15880,1311.1,102.763
15890,1312.2,102.795
15900,1313.1,102.828
15910,1314,102.86
15920,1315.1,102.892
15930,1315.7,102.925
15940,1316.2,102.956
15950,1317.4,102.988
15960,1319.3,103.021
15970,1321.2,103.053
15980,1323,103.086
15990,1324.9,103.118
16000,1326.3,103.15
16010,1327.6,103.182
16020,1329,103.214
16030,1328.9,103.246
16040,1329.7,103.278
16050,1329.8,103.311
16060,1331.1,103.343
16070,1326.6,103.375
16080,1320.3,103.408
16090,1314.4,103.44
16100,1305,103.472
16110,1300.8,103.504
16120,1283.2,103.537
16130,1282,103.569
16140,1282.5,103.6
16150,1271.1,103.633
16160,1251.9,103.665
16170,1235.4,103.697
16180,1220.9,103.729
16190,1214.6,103.762
16200,1178.9,103.794
16210,1180.3,103.826
16220,1182,103.859
16230,1184.1,103.891
16240,1186.4,103.922
16250,1188.7,103.955
16260,1191.1,103.987
16270,1193.6,104.02
16280,1196,104.052
16290,1198.8,104.084
16300,1192.5,104.116
16310,1195.1,104.148
16320,1197.2,104.18
16330,1199.9,104.213
16340,1202.6,104.245
16350,1205.8,104.278
16360,1209.1,104.309
16370,1212.1,104.341
16380,1215.7,104.374
16390,1219.3,104.406
16400,1222.7,104.438
16410,1226.3,104.471
16420,1229.8,104.502
16430,1233.5,104.534
16440,1237.2,104.567
16450,1240.7,104.599
16460,1244.4,104.632
16470,1248,104.664
16480,1251.6,104.696
16490,1255.3,104.728
16500,1258.9,104.76
16510,1262.7,104.792
16520,1266.3,104.825
16530,1270,104.857
16540,1273.7,104.889
16550,1277.4,104.922
16560,1281.1,104.953
16570,1284.8,104.986
16580,1288.6,105.018
16590,1292.3,105.05
16600,1296.1,105.083
16610,1299.7,105.115
16620,1303.5,105.147
16630,1307.2,105.179
16640,1311,105.211
16650,1314.8,105.243
16660,1318.6,105.276
16670,1322.4,105.308
16680,1326,105.34
16690,1329.8,105.373
16700,1333.7,105.405
16710,1337.4,105.436
16720,1341.2,105.469
16730,1344.9,105.501
16740,1348.8,105.533
16750,1352.5,105.566
16760,1356.4,105.598
16770,1360.2,105.63
16780,1363.9,105.663
16790,1367.8,105.695
16800,1371.5,105.726
16810,1368.4,105.719
16820,1363.4,105.702
16830,1358.5,105.684
16840,1353.6,105.666
16850,1348.7,105.649
16860,1343.8,105.632
16870,1338.9,105.614
16880,1333.9,105.597
16890,1329.1,105.579
16900,1324.1,105.561
16910,1319.2,105.545
16920,1314.3,105.527
16930,1309.3,105.509
16940,1304.4,105.491
16950,1299.5,105.474
16960,1294.6,105.457
16970,1289.7,105.439
16980,1284.7,105.422
16990,1279.8,105.404
17000,1275,105.387
17010,1270.1,105.37
17020,1265.2,105.352
17030,1260.3,105.334
17040,1255.5,105.316
17050,1250.6,105.3
17060,1245.8,105.282
17070,1240.9,105.264
17080,1236,105.247
17090,1231.2,105.23
17100,1226.3,105.212
17110,1221.6,105.194
17120,1216.6,105.177
17130,1211.7,105.159
17140,1206.7,105.142
17150,1209.8,105.125
17160,1209.9,105.107
17170,1207.8,105.089
17180,1205.3,105.072
17190,1203.4,105.055
17200,1200.6,105.037
17210,1197.9,105.02
17220,1195.8,105.002
17230,1193,104.985
17240,1190.5,104.967
17250,1187.6,104.95
17260,1185.4,104.932
17270,1182.1,104.914
17280,1179,104.898
17290,1175.7,104.88
17300,1172.4,104.862
17310,1169.2,104.845
17320,1166.2,104.828
17330,1163.7,104.81
17340,1162.7,104.793
17350,1163.9,104.775
17360,1163.8,104.757
17370,1164.1,104.74
17380,1163.8,104.723
17390,1163.3,104.705
17400,1163,104.688
17410,1162.1,104.67
17420,1161.3,104.652
17430,1160.3,104.635
17440,1159,104.617
17450,1157.4,104.6
17460,1163.1,104.583
17470,1169,104.565
17480,1177.8,104.548
17490,1195.7,104.53
17500,1206,104.513
17510,1212.9,104.495
17520,1225.6,104.478
17530,1240.2,104.461
17540,1253.4,104.443
17550,1278.7,104.426
17560,1299.7,104.407
17570,1318.1,104.39
17580,1325.1,104.373
17590,1331.5,104.355
17600,1338,104.338
17610,1353.5,104.321
17620,1355.7,104.302
17630,1355.9,104.285
17640,1360.3,104.268
17650,1361,104.25
17660,1363,104.233
17670,1370.6,104.216
17680,1378.9,104.198
17690,1377.7,104.181
17700,1376.7,104.163
17710,1379.5,104.145
17720,1375.4,104.128
17730,1371.2,104.11
17740,1367.4,104.093
17750,1363.4,104.076
17760,1359.5,104.058
17770,1356,104.041
17780,1352.7,104.023
17790,1349.1,104.006
17800,1346.5,103.988
17810,1343.7,103.971
17820,1343.5,103.954
17830,1343.4,103.936
17840,1342.5,103.919
17850,1339.3,103.901
17860,1336.9,103.884
17870,1334.7,103.866
17880,1331.5,103.848
17890,1329.5,103.83
17900,1326.6,103.813
17910,1323.1,103.795
17920,1319.6,103.778
17930,1316.5,103.76
17940,1312.9,103.743
17950,1309.6,103.725
17960,1306.5,103.708
17970,1302.9,103.691
17980,1299.8,103.674
17990,1298.1,103.658
18000,1299.1,103.646
18010,1299.9,103.634
18020,1300.8,103.621
18030,1301.6,103.609
18040,1302.5,103.596
18050,1303.5,103.584
18060,1304.2,103.571
18070,1305.3,103.559
18080,1306,103.547
18090,1306.9,103.534
18100,1307.9,103.522
18110,1308.6,103.509
18120,1309.4,103.497
18130,1310.7,103.484
18140,1311.4,103.472
18150,1311.3,103.459
18160,1312.3,103.448
18170,1312.2,103.435
18180,1312.7,103.423
18190,1313.4,103.41
18200,1313.4,103.398
18210,1313.6,103.385
18220,1314.1,103.373
18230,1314.1,103.36
18240,1314.5,103.348
18250,1314.8,103.335
18260,1314.7,103.324
18270,1315.3,103.311
18280,1314.1,103.299
18290,1310.5,103.286
18300,1311.2,103.274
18310,1311.7,103.261
18320,1313,103.249
18330,1313.4,103.237
18340,1314.1,103.225
18350,1315.1,103.212
18360,1315.6,103.199
18370,1316.1,103.187
18380,1317,103.174
18390,1317.6,103.163
18400,1318,103.15
18410,1319.2,103.138
18420,1319.6,103.125
18430,1320.2,103.113
18440,1320.9,103.1
18450,1321.2,103.088
18460,1322,103.076
18470,1322.7,103.063
18480,1323.3,103.051
18490,1323.7,103.038
18500,1324.8,103.026
18510,1325.6,103.014
18520,1326.6,103.001
18530,1327.3,102.989
18540,1328,102.976
18550,1329,102.964
18560,1329.3,102.952
18570,1330.2,102.939
18580,1330.9,102.927
18590,1331.6,102.914
18600,1332.1,102.902
18610,1333.1,102.89
18620,1333.4,102.877
18630,1334,102.865
18640,1334.6,102.853
18650,1335.2,102.84
18660,1335.7,102.828
18670,1336.5,102.815
18680,1336.8,102.803
18690,1337.4,102.791
18700,1338.1,102.778
18710,1338.8,102.765
18720,1339.2,102.754
18730,1339.9,102.741
18740,1340.3,102.729
18750,1341.2,102.716
18760,1341.6,102.704
18770,1342.3,102.692
18780,1342.6,102.679
18790,1343.5,102.666
18800,1343.9,102.655
18810,1344.5,102.642
18820,1344.6,102.629
18830,1345.5,102.617
18840,1346.1,102.605
18850,1346.5,102.592
18860,1347.2,102.58
18870,1347.6,102.568
18880,1347.8,102.555
18890,1348.3,102.542
18900,1348.9,102.53
18910,1349.2,102.518
18920,1349.8,102.505
18930,1417.3,102.522
18940,1419,102.546
18950,1420.6,102.57
18960,1428.8,102.593
18970,1429.3,102.618
18980,1430.3,102.641
18990,1430.9,102.665
19000,1432.1,102.688
19010,1432.8,102.713
19020,1433.5,102.736
19030,1434.4,102.76
19040,1435.6,102.783
19050,1436.4,102.807
19060,1437.4,102.831
19070,1438.9,102.855
19080,1439.7,102.878
19090,1440.8,102.902
19100,1442,102.925
19110,1446.1,102.95
19120,1452.2,102.974
19130,1456.9,102.997
19140,1462.3,103.021
19150,1466,103.044
19160,1471,103.068
19170,1474.7,103.092
19180,1480,103.116
19190,1484.8,103.14
19200,1496.3,103.164
19210,1512.2,103.187
19220,1533.9,103.211
19230,1554.7,103.235
19240,1570.2,103.259
19250,1571.7,103.283
19260,1572.5,103.306
19270,1573,103.329
19280,1573.3,103.353
19290,1573.9,103.377
19300,1573.3,103.401
19310,1572.3,103.425
19320,1571.6,103.449
19330,1570.7,103.472
19340,1571.6,103.496
19350,1572.2,103.52
19360,1573,103.544
19370,1574,103.568
19380,1575.2,103.591
19390,1576.8,103.615
19400,1578.9,103.638
19410,1606.6,103.662
19420,1668.4,103.686
19430,1710.6,103.71
19440,1733.3,103.733
19450,1731.1,103.757
19460,1728.9,103.781
19470,1726.7,103.805
19480,1724.6,103.829
19490,1722.4,103.852
19500,1720.3,103.876
19510,1718,103.9
19520,1715.8,103.924
19530,1713.6,103.948
19540,1711.3,103.971
19550,1709.1,103.995
19560,1706.8,104.019
19570,1704.6,104.043
19580,1702.3,104.066
19590,1700.1,104.09
19600,1697.8,104.114
19610,1695.6,104.138
19620,1693.4,104.162
19630,1691.1,104.185
19640,1688.8,104.209
19650,1686.6,104.233
19660,1684.3,104.257
19670,1682.1,104.28
19680,1679.9,104.304
19690,1677.6,104.328
19700,1675.4,104.352
19710,1664.2,104.375
19720,1641.2,104.399
19730,1624.9,104.423
19740,1610.6,104.446
19750,1581.7,104.47
19760,1561.5,104.494
19770,1551.9,104.518
19780,1544.7,104.541
19790,1533,104.565
19800,1518.6,104.589
19810,1508,104.612
19820,1499.3,104.636
19830,1494.6,104.66
19840,1490.7,104.684
19850,1487.3,104.707
19860,1484.2,104.732
19870,1480.8,104.756
19880,1477.4,104.779
19890,1474.3,104.803
19900,1470.3,104.827
19910,1453.1,104.85
19920,1427.2,104.874
19930,1434.1,104.893
19940,1437.8,104.892
19950,1440.9,104.893
19960,1448.7,104.892
19970,1449.8,104.892
19980,1450.6,104.892
19990,1451.2,104.891
20000,1452,104.891
20010,1453.8,104.891
20020,1454.5,104.891
20030,1455.4,104.891
20040,1455.7,104.89
20050,1456.1,104.89
20060,1458.2,104.89
20070,1458.2,104.889
20080,1459.2,104.89
20090,1458.9,104.889
20100,1458.3,104.889
20110,1470.1,104.888
20120,1469,104.888
20130,1467.1,104.888
20140,1463.1,104.888
20150,1460.4,104.888
20160,1461.8,104.887
20170,1463,104.887
20180,1463.9,104.886
20190,1464.5,104.887
20200,1465.8,104.886
20210,1466.4,104.886
20220,1467.4,104.885
20230,1468.6,104.886
20240,1469.4,104.886
20250,1470.2,104.885
20260,1470.9,104.885
20270,1472,104.885
20280,1473,104.885
20290,1473.5,104.884
20300,1477.9,104.884
20310,1480.3,104.884
20320,1485.5,104.884
20330,1486.7,104.883
20340,1489.2,104.883
20350,1490.5,104.883
20360,1493.5,104.883
20370,1495.2,104.882
20380,1495.6,104.882
20390,1495.2,104.882
20400,1495.6,104.882
20410,1496.4,104.881
20420,1496.8,104.881
20430,1497.8,104.881
20440,1497.6,104.881
20450,1497.9,104.88
20460,1498.3,104.88
20470,1498.6,104.88
20480,1499.6,104.879
20490,1499.8,104.879
20500,1499.5,104.879
20510,1499.8,104.879
20520,1499.9,104.878
20530,1500.6,104.879
20540,1500.8,104.878
20550,1498.4,104.878
20560,1497.9,104.878
20570,1497.8,104.877
20580,1497.9,104.877
20590,1497.9,104.877
20600,1498.1,104.877
20610,1497.4,104.876
20620,1497.7,104.877
20630,1497.3,104.876
20640,1497.4,104.875
20650,1497.5,104.876
20660,1497.5,104.875
20670,1496.9,104.875
20680,1496.6,104.875
20690,1496.7,104.875
20700,1496.6,104.874
20710,1496.5,104.874
20720,1494.6,104.874
20730,1490,104.873
20740,1484.6,104.874
20750,1480.5,104.873
20760,1477.1,104.872
20770,1470.4,104.873
20780,1464.9,104.872
20790,1462.9,104.873
20800,1461.4,104.872
20810,1460.2,104.871
20820,1459,104.872
20830,1457.7,104.871
20840,1455.5,104.87
20850,1454,104.871
20860,1452.9,104.87
20870,1452.1,104.87
20880,1451,104.87
20890,1450.2,104.869
20900,1448.3,104.87
20910,1445.8,104.869
20920,1444.1,104.869
20930,1442.1,104.869
20940,1440.4,104.868
20950,1437.7,104.868
20960,1436.2,104.868
20970,1434.3,104.868
20980,1432.3,104.867
20990,1430.6,104.868
21000,1429,104.867
21010,1427.6,104.866
21020,1425.6,104.867
21030,1423.8,104.866
21040,1424.3,104.866
21050,1423.9,104.865
21060,1424,104.866
21070,1423.8,104.865
21080,1424.3,104.865
21090,1424.4,104.865
21100,1424.2,104.865
21110,1424.2,104.864
21120,1424.8,104.864
21130,1424.6,104.864
21140,1424.9,104.864
21150,1425.4,104.863
21160,1425.8,104.863
21170,1427.8,104.858
21180,1430.2,104.852
21190,1432.7,104.845
21200,1434.9,104.839
21210,1438.2,104.833
21220,1441.8,104.827
21230,1444.8,104.821
21240,1451.3,104.815
21250,1459.3,104.809
21260,1469,104.803
21270,1482.4,104.798
21280,1498.2,104.791
21290,1511.3,104.785
21300,1532.4,104.779
21310,1552.2,104.773
21320,1570.1,104.766
21330,1582.1,104.761
21340,1595.1,104.755
21350,1607.6,104.748
21360,1628.4,104.743
21370,1649.6,104.736
21380,1667.5,104.731
21390,1680.2,104.725
21400,1687.2,104.718
21410,1687,104.713
21420,1685.6,104.706
21430,1684.9,104.7
21440,1684.5,104.695
21450,1684.8,104.688
21460,1686.1,104.683
21470,1685.9,104.676
21480,1684.2,104.67
21490,1682.4,104.664
21500,1680.9,104.658
21510,1679.5,104.653
21520,1678.2,104.646
21530,1677,104.64
21540,1675,104.634
21550,1673,104.628
21560,1671,104.622
21570,1669,104.616
21580,1667.1,104.609
21590,1665.1,104.604
21600,1663.2,104.597
21610,1661.3,104.592
21620,1659.5,104.585
21630,1657.6,104.58
21640,1655.8,104.573
21650,1654,104.567
21660,1652.3,104.561
21670,1650.4,104.555
21680,1648.7,104.549
21690,1647,104.543
21700,1645.2,104.537
21710,1643.4,104.531
21720,1641.7,104.525
21730,1640,104.519
21740,1638.3,104.513
21750,1636.5,104.507
21760,1634.9,104.501
21770,1633.2,104.495
21780,1631.6,104.489
21790,1630,104.483
21800,1628.4,104.477
21810,1626.8,104.47
21820,1625.3,104.465
21830,1623.7,104.458
21840,1622.2,104.453
21850,1620.7,104.446
21860,1619.1,104.441
21870,1617.7,104.434
21880,1616.2,104.428
21890,1614.8,104.422
21900,1613.3,104.416
21910,1611.9,104.411
21920,1610.5,104.404
21930,1609.1,104.399
21940,1607.7,104.392
21950,1606.3,104.386
21960,1604.8,104.38
21970,1603.4,104.374
21980,1602,104.367
21990,1600.6,104.362
22000,1599.3,104.356
22010,1598,104.35
22020,1596.7,104.344
22030,1595.4,104.337
22040,1594.1,104.332
22050,1592.9,104.326
22060,1591.6,104.319
22070,1590.4,104.314
22080,1589.2,104.307
22090,1588,104.301
22100,1586.6,104.296
22110,1585.5,104.289
22120,1584.2,104.283
22130,1583.1,104.278
22140,1581.9,104.271
22150,1580.7,104.265
22160,1579.6,104.26
22170,1578.4,104.253
22180,1577.3,104.247
22190,1576.1,104.241
22200,1575,104.235
22210,1573.9,104.229
22220,1572.7,104.222
22230,1571.5,104.217
22240,1570.4,104.211
22250,1569.3,104.204
22260,1568.2,104.199
22270,1567.1,104.193
22280,1566,104.186
22290,1564.9,104.18
22300,1563.4,104.175
22310,1562,104.169
22320,1558.9,104.161
22330,1560,104.141
22340,1560.6,104.121
22350,1560.7,104.099
22360,1560.8,104.079
22370,1560.9,104.059
22380,1561,104.038
22390,1561.1,104.018
22400,1561.2,103.998
22410,1561.3,103.978
22420,1561.4,103.957
22430,1561.4,103.937
22440,1561.6,103.917
22450,1561.7,103.896
22460,1561.8,103.876
22470,1561.9,103.856
22480,1562,103.835
22490,1562.1,103.815
22500,1562.2,103.795
22510,1562.3,103.773
22520,1562.4,103.753
22530,1562.5,103.733
22540,1562.6,103.712
22550,1562.7,103.692
22560,1562.8,103.672
22570,1562.9,103.652
22580,1563,103.631
22590,1563.2,103.611
22600,1563.3,103.591
22610,1563.3,103.57
22620,1563.5,103.55
22630,1563.6,103.53
22640,1563.7,103.509
22650,1563.9,103.489
22660,1563.9,103.469
22670,1564.1,103.448
22680,1564.2,103.428
22690,1564.3,103.407
22700,1564.4,103.386
22710,1564.5,103.366
22720,1564.7,103.346
22730,1564.8,103.325
22740,1564.9,103.305
22750,1565,103.285
22760,1565.1,103.265
22770,1565.3,103.244
22780,1565.4,103.224
22790,1565.5,103.204
22800,1565.6,103.183
22810,1565.8,103.163
22820,1565.9,103.143
22830,1566.1,103.122
22840,1566.1,103.102
22850,1566.3,103.082
22860,1566.5,103.061
22870,1566.6,103.041
22880,1566.7,103.021
22890,1566.8,102.999
22900,1567,102.979
22910,1567.2,102.959
22920,1567.3,102.938
22930,1567.4,102.918
22940,1567.6,102.898
22950,1567.8,102.877
22960,1568,102.857
22970,1568,102.837
22980,1568.2,102.816
22990,1568.4,102.796
23000,1568.6,102.776
23010,1568.8,102.755
23020,1568.9,102.735
23030,1569,102.715
23040,1569.2,102.694
23050,1569.5,102.674
23060,1569.5,102.654
23070,1569.7,102.633
23080,1570,102.613
23090,1570.1,102.593
23100,1570.4,102.572
23110,1570.5,102.551
23120,1570.7,102.531
23130,1570.9,102.51
23140,1571.1,102.49
23150,1571.4,102.47
23160,1571.5,102.449
23170,1571.7,102.429
23180,1572,102.409
23190,1572.3,102.388
23200,1572.4,102.368
23210,1572.6,102.348
23220,1572.9,102.327
23230,1573.2,102.307
23240,1573.4,102.287
23250,1573.6,102.266
23260,1573.9,102.246
23270,1574.2,102.226
23280,1574.5,102.205
23290,1574.7,102.185
23300,1575,102.165
23310,1575.3,102.144
23320,1575.6,102.124
23330,1575.8,102.104
23340,1576,102.083
23350,1576.2,102.063
23360,1576.4,102.043
23370,1576.7,102.021
23380,1576.8,102.001
23390,1577.1,101.981
23400,1577.3,101.96
23410,1577.6,101.94
23420,1577.8,101.92
23430,1578,101.899
23440,1578.3,101.879
23450,1578.5,101.859
23460,1578.8,101.838
23470,1579.1,101.818
23480,1579.4,101.798
23490,1579.6,101.777
23500,1579.9,101.757
23510,1580.2,101.737
23520,1580.4,101.716
23530,1580.6,101.696
23540,1580.9,101.676
23550,1581.2,101.655
23560,1581.4,101.635
23570,1581.7,101.615
23580,1581.9,101.594
23590,1582.2,101.574
23600,1582.5,101.554
23610,1582.7,101.533
23620,1583,101.513
23630,1583.3,101.493
23640,1583.6,101.472
23650,1583.9,101.451
23660,1584.2,101.431
23670,1593.8,101.431
23680,1595.6,101.446
23690,1597.3,101.461
23700,1599,101.475
23710,1600.7,101.49
23720,1602.5,101.505
23730,1604.2,101.519
23740,1605.9,101.534
23750,1607.7,101.549
23760,1609.5,101.563
23770,1611.2,101.578
23780,1612.8,101.593
23790,1614.6,101.607
23800,1616.3,101.622
23810,1618,101.636
23820,1619.8,101.651
23830,1621.5,101.666
23840,1623.2,101.68
23850,1624.9,101.695
23860,1626.7,101.71
23870,1628.4,101.724
23880,1630.2,101.739
23890,1631.8,101.753
23900,1633.6,101.768
23910,1635.4,101.783
23920,1637.1,101.797
23930,1638.8,101.812
23940,1640.6,101.827
23950,1642.3,101.841
23960,1644.1,101.856
23970,1645.8,101.87
23980,1647.6,101.885
23990,1649.3,101.9
24000,1651,101.914
24010,1652.8,101.929
24020,1654.5,101.943
24030,1656.3,101.958
24040,1657.9,101.973
24050,1659.8,101.987
24060,1661.3,102.002
24070,1662.4,102.016
24080,1663.5,102.031
24090,1664.9,102.046
24100,1666.1,102.06
24110,1667.4,102.075
24120,1668.7,102.089
24130,1670.4,102.104
24140,1672.1,102.119
24150,1673.8,102.134
24160,1675.3,102.149
24170,1676.1,102.163
24180,1676.4,102.178
24190,1677,102.192
24200,1677.6,102.207
24210,1678.5,102.221
24220,1679.3,102.236
24230,1680.1,102.251
24240,1681,102.265
24250,1682.6,102.28
24260,1684.2,102.294
24270,1685.9,102.309
24280,1687.6,102.323
24290,1689.2,102.338
24300,1690.8,102.353
24310,1692.5,102.367
24320,1694,102.383
24330,1695.1,102.397
24340,1696.5,102.412
24350,1695.6,102.426
24360,1693.6,102.441
24370,1692.4,102.455
24380,1688,102.47
24390,1685.9,102.484
24400,1684.5,102.499
24410,1683.6,102.514
24420,1682.4,102.528
24430,1681.2,102.543
24440,1679.6,102.558
24450,1677.9,102.573
24460,1676.5,102.587
24470,1676.1,102.602
24480,1675.6,102.616
24490,1675.2,102.631
24500,1669.9,102.645
24510,1662.1,102.66
24520,1656.3,102.674
24530,1647.8,102.689
24540,1637.8,102.704
24550,1633.2,102.719
24560,1628.7,102.733
24570,1624.4,102.748
24580,1618.7,102.762
24590,1614.4,102.777
24600,1610.2,102.791
24610,1605.8,102.806
24620,1601.7,102.82
24630,1599.8,102.835
24640,1598.3,102.85
24650,1596.6,102.865
24660,1594.8,102.879
24670,1593.4,102.894
24680,1592.6,102.909
24690,1592.3,102.923
24700,1592.4,102.938
24710,1592.7,102.952
24720,1592.8,102.967
24730,1593.5,102.981
24740,1593.6,102.997
24750,1594,103.011
24760,1594.2,103.026
24770,1594.8,103.04
24780,1595.2,103.055
24790,1595.6,103.069
24800,1596,103.084
24810,1596.5,103.099
24820,1594.6,103.109
24830,1592.6,103.118
24840,1590.8,103.126
24850,1589,103.135
24860,1586.8,103.143
24870,1585,103.151
24880,1583.3,103.159
24890,1582.1,103.168
24900,1581,103.176
24910,1580.1,103.185
24920,1578.9,103.193
24930,1577.9,103.202
24940,1576.8,103.21
24950,1575.8,103.219
24960,1574.5,103.227
24970,1573.7,103.236
24980,1574.1,103.244
24990,1573.9,103.253
25000,1573.6,103.261
25010,1573.6,103.27
25020,1573.5,103.278
25030,1574.4,103.287
25040,1575.3,103.295
25050,1575.3,103.304
25060,1576.3,103.312
25070,1577.7,103.321
25080,1579.2,103.329
25090,1580.9,103.338
25100,1583.1,103.346
25110,1600.3,103.355
25120,1615,103.363
25130,1612.9,103.372
25140,1610.1,103.38
25150,1607.8,103.389
25160,1605.1,103.397
25170,1602.8,103.406
25180,1600.2,103.413
25190,1598,103.422
25200,1596.3,103.43
25210,1594.1,103.439
25220,1592.3,103.447
25230,1590.5,103.455
25240,1589.7,103.464
25250,1592.9,103.472
25260,1593.2,103.481
25270,1595,103.489
25280,1596.1,103.498
25290,1597.3,103.506
25300,1593.5,103.515
25310,1589.8,103.523
25320,1586.1,103.532
25330,1582.3,103.54
25340,1578.5,103.549
25350,1574.8,103.557
25360,1571,103.566
25370,1567.3,103.574
25380,1563.5,103.583
25390,1559.7,103.591
25400,1556,103.6
25410,1552.1,103.608
25420,1548.5,103.617
25430,1544.7,103.625
25440,1540.9,103.634
25450,1537.1,103.642
25460,1533.1,103.651
25470,1529.3,103.659
25480,1525.2,103.668
25490,1521.3,103.675
25500,1517.3,103.684
25510,1513.3,103.692
25520,1509.4,103.701
25530,1505.3,103.71
25540,1501.3,103.718
25550,1497.3,103.727
25560,1493.3,103.735
25570,1489.4,103.744
25580,1485.4,103.752
25590,1481.3,103.761
25600,1477.2,103.769
25610,1473.2,103.778
25620,1469.3,103.786
25630,1465.2,103.795
25640,1461.2,103.803
25650,1457.2,103.811
25660,1453.1,103.819
25670,1449.1,103.828
25680,1445.1,103.836
25690,1441,103.845
25700,1436.9,103.854
25710,1432.8,103.862
25720,1428.8,103.871
25730,1424.7,103.879
25740,1420.8,103.888
25750,1416.7,103.896
25760,1412.5,103.905
25770,1408.5,103.912
25780,1404.4,103.921
25790,1400.3,103.93
25800,1396.2,103.938
25810,1392.2,103.947
25820,1388.1,103.955
25830,1384.1,103.964
25840,1380,103.972
25850,1375.8,103.981
25860,1371.8,103.989
25870,1367.7,103.997
25880,1363.6,104.006
25890,1359.6,104.014
25900,1355.5,104.023
25910,1351.5,104.031
25920,1347.4,104.04
25930,1343.5,104.049
25940,1339.4,104.057
25950,1335.4,104.065
25960,1331.3,104.073
25970,1327.3,104.082
25980,1323.2,104.091
25990,1319.1,104.099
26000,1315.2,104.108
26010,1311.1,104.116
26020,1307.1,104.124
26030,1303,104.133
26040,1298.9,104.141
26050,1302.4,104.147
26060,1307.9,104.15
26070,1313.4,104.155
26080,1318.8,104.16
26090,1324.3,104.164
26100,1329.8,104.168
26110,1335.3,104.173
26120,1340.7,104.177
26130,1346.2,104.182
26140,1351.7,104.185
26150,1357.1,104.19
26160,1362.6,104.195
26170,1368.1,104.198
26180,1373.6,104.203
26190,1379,104.207
26200,1384.5,104.212
26210,1390.1,104.216
26220,1395.5,104.22
26230,1401,104.225
26240,1406.5,104.229
26250,1412,104.233
26260,1417.4,104.238
26270,1423,104.242
26280,1428.5,104.247
26290,1434,104.251
26300,1439.5,104.255
26310,1445.1,104.26
26320,1450.6,104.263
26330,1456.1,104.268
26340,1461.6,104.273
26350,1467.2,104.277
26360,1472.6,104.281
26370,1478.2,104.285
26380,1483.7,104.29
26390,1489.3,104.295
26400,1494.7,104.298
26410,1500.3,104.303
26420,1505.9,104.308
26430,1511.4,104.312
26440,1516.9,104.316
26450,1522.5,104.32
26460,1528.1,104.325
26470,1533.5,104.329
26480,1539.1,104.333
26490,1544.7,104.338
26500,1550.3,104.343
26510,1555.7,104.346
26520,1561.3,104.351
26530,1566.9,104.355
26540,1572.3,104.36
26550,1577.9,104.364
26560,1583.6,104.368
26570,1589.1,104.373
26580,1594.6,104.376
26590,1600.2,104.381
26600,1605.8,104.386
26610,1611.2,104.39
26620,1616.9,104.394
26630,1622.5,104.399
26640,1628.1,104.403
26650,1633.6,104.408
26660,1639.2,104.411
26670,1644.8,104.416
26680,1650.3,104.421
26690,1655.9,104.424
26700,1661.5,104.429
26710,1667.2,104.434
26720,1672.7,104.438
26730,1678.3,104.442
26740,1683.9,104.446
26750,1689.4,104.451
26760,1695.1,104.455
26770,1700.7,104.459
26780,1706.3,104.464
26790,1711.8,104.469
26800,1717.5,104.472
26810,1723.1,104.477
26820,1728.6,104.481
26830,1734.4,104.486
26840,1739.9,104.49
26850,1745.6,104.494
26860,1751.1,104.499
26870,1756.8,104.503
26880,1762.4,104.507
26890,1768,104.512
26900,1773.7,104.516
26910,1779.4,104.52
26920,1785.1,104.525
26930,1790.6,104.529
26940,1796.2,104.533
26950,1802,104.538
26960,1807.5,104.542
26970,1811.1,104.547
26980,1813.7,104.551
26990,1816.4,104.555
27000,1818.8,104.56
27010,1821.9,104.563
27020,1825.1,104.568
27030,1828.8,104.573
27040,1832.3,104.577
27050,1835.4,104.581
27060,1838.9,104.586
27070,1842.2,104.59
27080,1845.3,104.594
27090,1848.6,104.599
27100,1852.3,104.603
27110,1854.2,104.608
27120,1855.1,104.611
27130,1858.3,104.616
27140,1861.3,104.621
27150,1864.7,104.624
27160,1867.8,104.629
27170,1869.2,104.634
27180,1869.7,104.637
27190,1870.9,104.642
27200,1826.6,104.652
27210,1825.5,104.663
27220,1823.7,104.674
27230,1819.3,104.685
27240,1814.9,104.696
27250,1810.7,104.707
27260,1806.4,104.718
27270,1802.1,104.729
27280,1797.7,104.741
27290,1793.5,104.751
27300,1789.3,104.762
27310,1785.1,104.774
27320,1781,104.784
27330,1779.5,104.796
27340,1777.4,104.807
27350,1777.6,104.817
27360,1790.9,104.829
27370,1790.4,104.839
27380,1785.8,104.851
27390,1780.9,104.862
27400,1776.2,104.873
27410,1771.2,104.884
27420,1766.3,104.896
27430,1761.5,104.906
27440,1756.7,104.917
27450,1751.9,104.928
27460,1746.8,104.939
27470,1741.8,104.951
27480,1736.6,104.961
27490,1731.7,104.973
27500,1726.6,104.984
27510,1721.7,104.994
27520,1716.7,105.006
27530,1711.6,105.016
27540,1706.6,105.028
27550,1701.5,105.039
27560,1696.6,105.05
27570,1691.5,105.061
27580,1686.6,105.072
27590,1681.5,105.083
27600,1676.6,105.094
27610,1671.6,105.105
27620,1666.6,105.116
27630,1661.7,105.127
27640,1656.6,105.138
27650,1651.7,105.15
27660,1646.7,105.16
27670,1641.7,105.172
27680,1636.7,105.182
27690,1631.8,105.194
27700,1626.8,105.205
27710,1621.9,105.216
27720,1616.9,105.227
27730,1612,105.237
27740,1606.9,105.249
27750,1602,105.26
27760,1597,105.271
27770,1592.1,105.282
27780,1587.2,105.293
27790,1582.2,105.304
27800,1577.2,105.315
27810,1572.3,105.326
27820,1567.4,105.338
27830,1562.3,105.348
27840,1557.5,105.36
27850,1552.5,105.37
27860,1547.5,105.382
27870,1542.6,105.392
27880,1537.6,105.404
27890,1532.7,105.414
27900,1527.7,105.426
27910,1522.8,105.437
27920,1517.8,105.448
27930,1513,105.459
27940,1508,105.47
27950,1503.1,105.481
27960,1498.1,105.492
27970,1493.2,105.503
27980,1488.3,105.514
27990,1483.3,105.525
28000,1478.4,105.536
28010,1473.4,105.547
28020,1468.5,105.559
28030,1463.5,105.57
28040,1458.7,105.581
28050,1453.7,105.592
28060,1448.8,105.603
28070,1443.8,105.614
28080,1438.9,105.625
28090,1434,105.636
28100,1429,105.647
28110,1424.2,105.658
28120,1419.2,105.669
28130,1414.3,105.68
28140,1409.3,105.691
28150,1404.4,105.702
28160,1399.5,105.714
28170,1394.6,105.724
28180,1389.7,105.736
28190,1384.8,105.746
28200,1379.8,105.758
28210,1374.9,105.768
28220,1370,105.78
28230,1370.8,105.775
28240,1372.7,105.766
28250,1374.5,105.755
28260,1376.2,105.745
28270,1378,105.734
28280,1379.8,105.724
28290,1381.7,105.713
28300,1383.5,105.703
28310,1385.3,105.692
28320,1387.2,105.682
28330,1389,105.671
28340,1390.8,105.661
28350,1392.7,105.65
28360,1394.6,105.64
28370,1396.5,105.629
28380,1398.4,105.619
28390,1400.2,105.608
28400,1402.2,105.598
28410,1404.1,105.587
28420,1406,105.577
28430,1408,105.566
28440,1409.9,105.556
28450,1411.9,105.545
28460,1413.8,105.535
28470,1415.8,105.524
28480,1417.8,105.514
28490,1419.8,105.503
28500,1421.8,105.493
28510,1423.8,105.482
28520,1425.7,105.472
28530,1427.7,105.461
28540,1429.7,105.451
28550,1431.7,105.44
28560,1433.7,105.43
28570,1435.7,105.419
28580,1437.7,105.409
28590,1439.7,105.398
28600,1441.8,105.388
28610,1443.8,105.378
28620,1445.9,105.367
28630,1447.8,105.357
28640,1449.9,105.346
28650,1452,105.336
28660,1454.1,105.325
28670,1456.2,105.315
28680,1458.2,105.304
28690,1460.2,105.294
28700,1462.2,105.283
28710,1464.2,105.273
28720,1466.2,105.262
28730,1468.3,105.252
28740,1470.3,105.241
28750,1472.3,105.23
28760,1474.3,105.22
28770,1476.3,105.209
28780,1478.4,105.199
28790,1480.5,105.188
28800,1482.5,105.178
28810,1484.6,105.167
28820,1486.7,105.157
28830,1488.7,105.146
28840,1490.9,105.136
28850,1493,105.126
28860,1495.2,105.115
28870,1497.2,105.105
28880,1499.3,105.094
28890,1501.5,105.084
28900,1503.6,105.073
28910,1505.8,105.063
28920,1508,105.052
28930,1510.1,105.042
28940,1512.3,105.032
28950,1514.5,105.021
28960,1516.7,105.011
28970,1519.1,105
28980,1521.3,104.99
28990,1523.5,104.979
29000,1525.8,104.969
29010,1528,104.957
29020,1530.3,104.947
29030,1532.6,104.937
29040,1534.9,104.926
29050,1537,104.916
29060,1539.2,104.905
29070,1541.5,104.895
29080,1543.7,104.884
29090,1546,104.874
29100,1548.4,104.864
29110,1550.6,104.853
29120,1552.9,104.843
29130,1556.2,104.832
29140,1557.6,104.822
29150,1560,104.811
29160,1562.3,104.801
29170,1564.3,104.791
29180,1566.3,104.78
29190,1568.4,104.77
29200,1587.4,104.755
29210,1581.6,104.737
29220,1575.9,104.718
29230,1570.2,104.7
29240,1564.6,104.682
29250,1558.9,104.663
29260,1553.3,104.645
29270,1547.6,104.626
29280,1542,104.607
29290,1536.5,104.588
29300,1530.8,104.57
29310,1525.2,104.552
29320,1519.7,104.533
29330,1514.1,104.515
29340,1508.6,104.496
29350,1503,104.478
29360,1497.5,104.459
29370,1492,104.441
29380,1486.5,104.422
29390,1481,104.404
29400,1475.5,104.384
29410,1469.8,104.366
29420,1464.3,104.347
29430,1458.6,104.329
29440,1453.1,104.311
29450,1447.5,104.292
29460,1441.9,104.274
29470,1436.5,104.255
29480,1430.9,104.237
29490,1425.4,104.218
29500,1419.9,104.2
29510,1414.4,104.181
29520,1408.8,104.163
29530,1403.2,104.144
29540,1397.6,104.126
29550,1392,104.107
29560,1386.4,104.089
29570,1380.9,104.07
29580,1375.4,104.052
29590,1369.9,104.033
29600,1364.5,104.015
29610,1359,103.995
29620,1353.6,103.977
29630,1348.2,103.958
29640,1342.9,103.939
29650,1337.5,103.921
29660,1332.1,103.902
29670,1326.8,103.884
29680,1321.4,103.865
29690,1316.2,103.847
29700,1310.8,103.828
29710,1305.5,103.81
29720,1300.3,103.791
29730,1295,103.773
29740,1289.8,103.755
29750,1284.6,103.736
29760,1279.4,103.718
29770,1274.2,103.699
29780,1269,103.681
29790,1263.8,103.662
29800,1258.7,103.644
29810,1253.5,103.625
29820,1248.4,103.606
29830,1243.2,103.588
29840,1238.1,103.569
29850,1233,103.551
29860,1227.9,103.532
29870,1222.8,103.513
29880,1217.6,103.495
29890,1212.5,103.476
29900,1207.4,103.458
29910,1202.3,103.439
29920,1197.2,103.421
29930,1192.1,103.403
29940,1187,103.384
29950,1182,103.365
29960,1177,103.347
29970,1171.9,103.328
29980,1166.9,103.309
29990,1161.9,103.291
30000,1156.9,103.272
30010,1151.9,103.254
30020,1146.8,103.236
30030,1141.9,103.217
30040,1136.9,103.198
30050,1131.9,103.18
30060,1126.9,103.161
30070,1122,103.143
30080,1117,103.125
30090,1112.1,103.106
30100,1107.1,103.087
30110,1102.2,103.068
30120,1097.3,103.051
30130,1092.3,103.032
30140,1087.4,103.013
30150,1082.5,102.994
30160,1077.6,102.976
30170,1072.6,102.959
30180,1071.5,102.947
30190,1070.4,102.934
30200,1069.2,102.921
30210,1068.1,102.909
30220,1067,102.896
30230,1065.8,102.883
30240,1064.7,102.87
30250,1063.5,102.858
30260,1062.3,102.845
30270,1061.2,102.833
30280,1060,102.82
30290,1058.8,102.808
30300,1057.6,102.795
30310,1056.4,102.782
30320,1055.2,102.769
30330,1054,102.757
30340,1052.9,102.744
30350,1051.7,102.731
30360,1050.5,102.718
30370,1049.3,102.706
30380,1048.2,102.693
30390,1047,102.681
30400,1045.9,102.668
30410,1044.7,102.656
30420,1043.6,102.643
30430,1042.4,102.63
30440,1041.2,102.618
30450,1040.1,102.605
30460,1038.9,102.592
30470,1037.7,102.579
30480,1036.6,102.567
30490,1035.4,102.554
30500,1034.3,102.541
30510,1033.2,102.529
30520,1032,102.516
30530,1030.9,102.503
30540,1029.7,102.49
30550,1028.6,102.478
30560,1027.5,102.465
30570,1026.3,102.452
30580,1025.2,102.441
30590,1024.1,102.428
30600,1022.9,102.415
30610,1021.8,102.403
30620,1020.7,102.39
30630,1019.6,102.377
30640,1018.4,102.365
30650,1017.3,102.352
30660,1016.2,102.339
30670,1015.1,102.327
30680,1014,102.314
30690,1012.8,102.301
30700,1011.7,102.289
30710,1010.6,102.276
30720,1009.5,102.263
30730,1008.4,102.251
30740,1007.3,102.238
30750,1006.2,102.225
30760,1005.1,102.213
30770,1003.9,102.2
30780,1002.6,102.187
30790,1001.4,102.175
30800,1000.2,102.162
30810,999,102.149
30820,997.7,102.137
30830,996.5,102.124
30840,995.3,102.111
30850,994.1,102.098
30860,992.9,102.085
30870,991.6,102.073
30880,990,102.06
30890,988.2,102.047
30900,986.6,102.035
30910,984.8,102.022
30920,983.2,102.01
30930,981.5,101.997
30940,979.7,101.984
30950,978,101.972
30960,976.2,101.959
30970,974.6,101.947
30980,972.9,101.934
30990,971.2,101.921
31000,969.5,101.909
31010,967.8,101.896
31020,966.1,101.884
31030,956.4,101.875
31040,956.4,101.883
31050,956.4,101.893
31060,956.4,101.901
31070,956.4,101.91
31080,956.3,101.919
31090,956.3,101.927
31100,956.3,101.936
31110,956.3,101.945
31120,956.2,101.954
31130,956.2,101.963
31140,956.2,101.972
31150,956.2,101.98
31160,956.1,101.989
31170,956.1,101.998
31180,956,102.007
31190,955.9,102.016
31200,955.8,102.024
31210,955.7,102.034
31220,955.5,102.042
31230,955.5,102.05
31240,955.4,102.06
31250,955.4,102.068
31260,955.2,102.078
31270,955.1,102.086
31280,955,102.094
31290,954.9,102.104
31300,954.8,102.112
31310,954.7,102.121
31320,954.7,102.13
31330,954.5,102.139
31340,954.5,102.148
31350,954.4,102.156
31360,954.3,102.165
31370,954.2,102.174
31380,954.1,102.183
31390,954,102.192
31400,953.9,102.2
31410,953.9,102.209
31420,953.7,102.218
31430,953.7,102.227
31440,953.6,102.235
31450,953.6,102.245
31460,953.5,102.253
31470,953.5,102.262
31480,953.4,102.271
31490,953.1,102.279
31500,953.1,102.289
31510,952.8,102.297
31520,952.7,102.306
31530,952.4,102.315
31540,952.3,102.323
31550,952.1,102.333
31560,951.9,102.341
31570,951.7,102.35
31580,951.6,102.359
31590,951.3,102.367
31600,951.1,102.377
31610,950.9,102.385
31620,950.6,102.394
31630,950.6,102.403
31640,950.3,102.411
31650,950.2,102.421
31660,949.9,102.429
31670,949.8,102.438
31680,949.6,102.447
31690,949.5,102.456
31700,949.3,102.465
31710,949.1,102.473
31720,948.9,102.482
31730,948.8,102.491
31740,948.5,102.5
31750,948.3,102.508
31760,948.2,102.517
31770,948,102.526
31780,948,102.535
31790,947.8,102.544
31800,947.6,102.552
31810,947.5,102.561
31820,947.3,102.57
31830,947.1,102.579
31840,946.9,102.588
31850,946.7,102.596
31860,946.4,102.606
31870,946.3,102.614
31880,946.1,102.623
31890,945.9,102.632
31900,945.7,102.64
31910,945.5,102.65
31920,945.3,102.658
31930,945.1,102.667
31940,945,102.676
31950,944.8,102.684
31960,944.6,102.694
31970,944.4,102.702
31980,945.7,102.685
31990,946,102.667
32000,946.5,102.647
32010,947,102.628
32020,947.6,102.609
32030,948.3,102.589
32040,948.8,102.57
32050,949.5,102.551
32060,950.2,102.532
32070,950.9,102.512
32080,951.7,102.493
32090,952.4,102.474
32100,953.1,102.454
32110,954,102.436
32120,954.7,102.416
32130,955.7,102.396
32140,956.6,102.378
32150,957.4,102.358
32160,958.2,102.338
32170,959,102.32
32180,959.9,102.3
32190,960.8,102.281
32200,961.8,102.262
32210,962.8,102.242
32220,963.9,102.223
32230,965,102.204
32240,966,102.185
32250,967.2,102.165
32260,968.5,102.146
32270,969.7,102.127
32280,971.2,102.107
32290,972.6,102.088
32300,974.1,102.069
32310,975.5,102.049
32320,976.8,102.031
32330,978.1,102.011
32340,979.5,101.992
32350,980.9,101.973
32360,982.5,101.953
32370,984.1,101.934
32380,986.5,101.915
32390,988.5,101.895
32400,990.5,101.877
32410,992.8,101.857
32420,994.7,101.837
32430,996.8,101.819
32440,999.1,101.799
32450,1001.5,101.78
32460,1004.1,101.761
32470,1008.2,101.741
32480,1014.2,101.722
32490,1018.2,101.703
32500,1021.4,101.684
32510,1024,101.664
32520,1027.8,101.645
32530,1039.1,101.626
32540,1043.2,101.606
32550,1047.6,101.588
32560,1053,101.568
32570,1068.5,101.548
32580,1080.6,101.53
32590,1087.3,101.51
32600,1098.8,101.491
32610,1114.8,101.472
32620,1134,101.452
32630,1140.3,101.433
32640,1153.2,101.413
32650,1159.5,101.395
32660,1162.1,101.375
32670,1164.8,101.356
32680,1167.5,101.336
32690,1170.2,101.317
32700,1172.9,101.298
32710,1175.7,101.279
32720,1176.3,101.271
32730,1176.6,101.268
32740,1177,101.266
32750,1177.4,101.263
32760,1177.7,101.261
32770,1178.1,101.257
32780,1178.5,101.255
32790,1178.9,101.252
32800,1179.3,101.249
32810,1179.6,101.247
32820,1180.1,101.244
32830,1180.5,101.241
32840,1180.9,101.238
32850,1177.9,101.236
32860,1175.9,101.233
32870,1175.4,101.23
32880,1173.1,101.228
32890,1171,101.225
32900,1169.7,101.222
32910,1169.1,101.22
32920,1168.7,101.217
32930,1168.5,101.214
32940,1168.4,101.211
32950,1168.3,101.209
32960,1168.3,101.206
32970,1168.5,101.203
32980,1168.7,101.2
32990,1168.9,101.198
33000,1169.2,101.195
33010,1169.6,101.192
33020,1170,101.189
33030,1170.4,101.187
33040,1170.8,101.184
33050,1171.4,101.181
33060,1171.9,101.178
33070,1172.5,101.176
33080,1173.1,101.173
33090,1173.7,101.17
33100,1174.3,101.168
33110,1175,101.165
33120,1175.6,101.162
33130,1176.3,101.16
33140,1177,101.157
33150,1177.8,101.154
33160,1178.5,101.151
33170,1179.3,101.149
33180,1180,101.146
33190,1180.7,101.143
33200,1181.6,101.141
33210,1182.4,101.137
33220,1183.2,101.135
33230,1184,101.132
33240,1184.8,101.13
33250,1185.6,101.127
33260,1186.6,101.124
33270,1187.4,101.122
33280,1188.3,101.118
33290,1189.1,101.116
33300,1190,101.113
33310,1190.9,101.111
33320,1191.8,101.107
33330,1192.7,101.105
33340,1193.6,101.102
33350,1194.5,101.1
33360,1195.4,101.097
33370,1196.3,101.094
33380,1197.2,101.092
33390,1198.1,101.089
33400,1199.1,101.086
33410,1200,101.083
33420,1200.9,101.081
33430,1201.9,101.078
33440,1202.8,101.076
33450,1203.5,101.08
33460,1207.5,101.118
33470,1211.3,101.156
33480,1215.4,101.193
33490,1219.3,101.23
33500,1223.3,101.268
33510,1227.2,101.306
33520,1231.2,101.343
33530,1235.2,101.381
33540,1239.1,101.418
33550,1243.1,101.456
33560,1247,101.493
33570,1250.9,101.531
33580,1255,101.568
33590,1259,101.606
33600,1262.9,101.643
33610,1267,101.681
33620,1271,101.719
33630,1274.9,101.755
33640,1278.8,101.793
33650,1282.7,101.831
33660,1286.6,101.869
33670,1290.5,101.905
33680,1294.5,101.943
33690,1298.4,101.981
33700,1302.3,102.019
33710,1306.1,102.056
33720,1310,102.093
33730,1314,102.131
33740,1317.8,102.168
33750,1321.7,102.206
33760,1325.6,102.244
33770,1329.5,102.281
33780,1333.4,102.318
33790,1337.3,102.356
33800,1341.1,102.394
33810,1344.9,102.432
33820,1348.7,102.468
33830,1352.4,102.506
33840,1355.9,102.544
33850,1359.6,102.581
33860,1363.2,102.619
33870,1366.8,102.656
33880,1370.6,102.694
33890,1374.3,102.731
33900,1378.1,102.769
33910,1381.7,102.807
33920,1385.5,102.843
33930,1389.2,102.881
33940,1393,102.919
33950,1396.5,102.957
33960,1400.2,102.994
33970,1403.7,103.031
33980,1407.6,103.069
33990,1411,103.106
34000,1414.7,103.144
34010,1418.4,103.182
34020,1422.1,103.219
34030,1425.9,103.256
34040,1429.6,103.294
34050,1433.4,103.332
34060,1437.1,103.369
34070,1441,103.406
34080,1444.9,103.444
34090,1448.7,103.482
34100,1452.6,103.519
34110,1456.5,103.557
34120,1460.3,103.595
34130,1464.2,103.631
34140,1467.9,103.669
34150,1470.6,103.702
34160,1469.8,103.688
34170,1469,103.674
34180,1468.2,103.659
34190,1467.4,103.645
34200,1466.6,103.631
34210,1465.9,103.617
34220,1465.2,103.603
34230,1464.4,103.588
34240,1463.7,103.574
34250,1463,103.56
34260,1462.4,103.546
34270,1461.7,103.532
34280,1461.1,103.517
34290,1460.5,103.503
34300,1459.9,103.489
34310,1459.3,103.475
34320,1458.9,103.461
34330,1458.3,103.446
34340,1457.8,103.432
34350,1457.4,103.418
34360,1456.9,103.404
34370,1456.5,103.39
34380,1456.1,103.375
34390,1455.4,103.361
34400,1453.9,103.347
34410,1452.6,103.333
34420,1451.1,103.319
34430,1449.3,103.304
34440,1447.8,103.29
34450,1446.3,103.276
34460,1445.3,103.262
34470,1444.6,103.247
34480,1444,103.233
34490,1443.5,103.219
34500,1443,103.205
34510,1442.5,103.191
34520,1442.2,103.177
34530,1441.7,103.163
34540,1441.4,103.149
34550,1441.1,103.135
34560,1441,103.121
34570,1441,103.106
34580,1441,103.092
34590,1441.1,103.078
34600,1441.4,103.064
34610,1441.7,103.05
34620,1442,103.035
34630,1442.5,103.021
34640,1442.9,103.007
34650,1443.6,102.993
34660,1444.2,102.979
34670,1445,102.964
34680,1445.8,102.95
34690,1446.6,102.936
34700,1447.6,102.922
34710,1448.5,102.908
34720,1449.7,102.893
34730,1450.8,102.879
34740,1452,102.865
34750,1453.3,102.851
34760,1454.8,102.837
34770,1456.5,102.822
34780,1458.3,102.808
34790,1460.4,102.794
34800,1462.6,102.78
34810,1465.5,102.766
34820,1468.6,102.751
34830,1472,102.737
34840,1474.5,102.723
34850,1476.5,102.709
34860,1478.3,102.695
34870,1480.2,102.681
34880,1482,102.666
34890,1483.8,102.652
34900,1485.6,102.638
34910,1487.4,102.624
34920,1489.4,102.61
34930,1491.3,102.596
34940,1493.3,102.581
34950,1495.3,102.567
34960,1497.4,102.553
